EurocontrolID,Plane,Dep-Arr,CO2,NOX,Time,Distance
238925251,b772,"('Teterboro', 'Toledo')",153.3836803430901,1.1498121866882338,22680.0,5860275.0
238925253,b788,"('Teterboro', 'Bergen Op Zoom')",18.00967189104488,0.05773546393006565,23040.0,6038094.0
238925254,b752,"('Teterboro', 'London')",27.50340852491471,0.061928801663728564,24300.0,5778250.0
238925255,a20n,"(nan, 'Istanbul')",73.8707299645734,0.34947448897671934,23700.0,4726553.0
238925257,b752,"('Plato Center', 'Hoeven')",36.20127010640101,0.07391830715351695,28320.0,6998789.0
