Plane,Dep-Arr,CO2,NOX
A333,"('Tokyo', 'Ljungbyhed')",231.30653928668684,1.110192085339013
