EurocontrolID,Plane,Dep-Arr,CO2,NOX,Time,Distance
238951991,A333,"('Tokyo', 'Ljungbyhed')",231.30653928668684,1.110192085339013,41100.0,8958859.489188582
